{"inputUnits":[34],"outputUnits":4,"inputs":{"0":{"dtype":"number","min":283.87312444794713,"max":350.434994465194},"1":{"dtype":"number","min":122.12534199913574,"max":278.4916014792161},"2":{"dtype":"number","min":302.33468187715107,"max":359.70778244048296},"3":{"dtype":"number","min":114.50053254066154,"max":267.27545725207113},"4":{"dtype":"number","min":284.97360735144065,"max":340.5515287819429},"5":{"dtype":"number","min":91.94948549623842,"max":266.92309344256364},"6":{"dtype":"number","min":310.98492181789106,"max":373.3602679217303},"7":{"dtype":"number","min":134.40676683570905,"max":268.8514611316703},"8":{"dtype":"number","min":256.32494415223715,"max":322.7791742692914},"9":{"dtype":"number","min":95.90311180546036,"max":262.41468790214196},"10":{"dtype":"number","min":227.52422726874696,"max":394.6472655774092},"11":{"dtype":"number","min":160.06330337673134,"max":270.31745360376306},"12":{"dtype":"number","min":203.56405722932274,"max":333.44980935139495},"13":{"dtype":"number","min":159.4271388434992,"max":272.56440160799673},"14":{"dtype":"number","min":288.0044841208653,"max":418.5650767871046},"15":{"dtype":"number","min":142.11760463305615,"max":312.37668280945417},"16":{"dtype":"number","min":194.06137566817432,"max":319.61459637617736},"17":{"dtype":"number","min":138.70210242317899,"max":325.80789547449893},"18":{"dtype":"number","min":220.77448140343262,"max":406.96334511680675},"19":{"dtype":"number","min":75.63781262373598,"max":385.628578825536},"20":{"dtype":"number","min":173.92351771423458,"max":321.4430970011631},"21":{"dtype":"number","min":61.72045136985258,"max":389.5279936018975},"22":{"dtype":"number","min":188.9999151694612,"max":389.35507969549525},"23":{"dtype":"number","min":340.4310010051169,"max":378.9497173041628},"24":{"dtype":"number","min":186.58599080165692,"max":374.1867582979258},"25":{"dtype":"number","min":350.323598166423,"max":381.03364390471756},"26":{"dtype":"number","min":170.83446539865832,"max":379.67710907696284},"27":{"dtype":"number","min":423.7804577922263,"max":512.1483411287006},"28":{"dtype":"number","min":172.6570971156189,"max":362.2486568101433},"29":{"dtype":"number","min":456.16894787050364,"max":506.2041647392407},"30":{"dtype":"number","min":164.18785675227292,"max":375.51908913179216},"31":{"dtype":"number","min":502.3189629448784,"max":549.2079849689327},"32":{"dtype":"number","min":181.17745442232425,"max":364.9320772702698},"33":{"dtype":"number","min":514.0496362161915,"max":550.2811799225983}},"outputs":{"0":{"dtype":"string","min":0,"max":1,"uniqueValues":["y","c","k","f"],"legend":{"y":[1,0,0,0],"c":[0,1,0,0],"k":[0,0,1,0],"f":[0,0,0,1]}}},"isNormalized":true}