{"inputUnits":[34],"outputUnits":3,"inputs":{"0":{"dtype":"number","min":294.6001403094732,"max":377.0876866985715},"1":{"dtype":"number","min":153.6759797034905,"max":184.6141441895483},"2":{"dtype":"number","min":307.1828563310946,"max":392.5777972186053},"3":{"dtype":"number","min":145.49459594964515,"max":176.85307850382247},"4":{"dtype":"number","min":283.5856622469123,"max":366.53911687244914},"5":{"dtype":"number","min":144.59251121238424,"max":172.6453505250213},"6":{"dtype":"number","min":332.90884869372866,"max":412.636224995812},"7":{"dtype":"number","min":155.74740939670139,"max":193.66140562656096},"8":{"dtype":"number","min":271.2599857322886,"max":346.9182915343643},"9":{"dtype":"number","min":159.06178491157397,"max":183.65380835579617},"10":{"dtype":"number","min":364.83321340460526,"max":413.53711104067673},"11":{"dtype":"number","min":236.87494408085098,"max":272.27484214143215},"12":{"dtype":"number","min":264.4725917050248,"max":316.32402148627864},"13":{"dtype":"number","min":231.91741288986356,"max":268.7757364908854},"14":{"dtype":"number","min":312.32854475054825,"max":426.2439577574851},"15":{"dtype":"number","min":252.96476784272966,"max":377.20742506358124},"16":{"dtype":"number","min":192.18948275025127,"max":272.6213826259442},"17":{"dtype":"number","min":183.66880539565057,"max":384.95798984698615},"18":{"dtype":"number","min":268.1204098707054,"max":394.8467934294286},"19":{"dtype":"number","min":251.14676730209857,"max":440.55904395863786},"20":{"dtype":"number","min":125.42868095531797,"max":264.7364447223745},"21":{"dtype":"number","min":156.05062265377526,"max":502.0637259381091},"22":{"dtype":"number","min":323.70953952127496,"max":370.2704196506076},"23":{"dtype":"number","min":441.6297216582716,"max":482.99171581602934},"24":{"dtype":"number","min":289.36721415082843,"max":311.2591808534737},"25":{"dtype":"number","min":435.4123263888889,"max":480.4111956620542},"26":{"dtype":"number","min":271.52404309248595,"max":358.992692601611},"27":{"dtype":"number","min":515.6329000670078,"max":543.8746824506198},"28":{"dtype":"number","min":270.98366839611504,"max":317.605838292291},"29":{"dtype":"number","min":524.5183963292291,"max":545.2513982166788},"30":{"dtype":"number","min":259.48466330708584,"max":355.3428840265404},"31":{"dtype":"number","min":529.6362756799768,"max":551.0905697471217},"32":{"dtype":"number","min":269.84756439982334,"max":316.5511713158085},"33":{"dtype":"number","min":531.5547165303667,"max":549.7467719184027}},"outputs":{"0":{"dtype":"number","min":0,"max":255},"1":{"dtype":"number","min":0,"max":255},"2":{"dtype":"number","min":0,"max":255}},"isNormalized":true}