{"data":[{"xs":{"0":348.03235565245035,"1":167.4426941750807,"2":364.12630583110604,"3":157.9455367119921,"4":336.1447363661976,"5":157.22056993034613,"6":389.9637435704876,"7":170.93867489701358,"8":317.3685526708413,"9":172.79586345828764,"10":413.53711104067673,"11":265.03385428564354,"12":284.6593714782834,"13":268.7757364908854,"14":350.89498478999144,"15":364.76588674920805,"16":251.35219878852948,"17":384.95798984698615,"18":305.89714184141997,"19":408.42344704194835,"20":233.9256920173154,"21":502.0637259381091,"22":354.2536013121726,"23":482.99171581602934,"24":295.06575080618757,"25":480.4111956620542,"26":329.20929252520403,"27":535.097172013965,"28":289.98294525443924,"29":539.2787415800038,"30":306.21408087003533,"31":534.9609598081711,"32":293.4664970531798,"33":535.6236139189663},"ys":{"0":255,"1":0,"2":0}},{"xs":{"0":348.7842599969161,"1":154.30928012780976,"2":365.1349513479608,"3":145.62704402336135,"4":336.64482101827105,"5":144.74236144424646,"6":389.44737246626767,"7":155.74740939670139,"8":317.3484589574862,"9":160.03382126955026,"10":410.50279881289595,"11":247.92975174753286,"12":288.5371740984405,"13":253.2208085385447,"14":312.32854475054825,"15":355.2059642055578,"16":256.56814337241485,"17":364.611355370713,"18":268.1204098707054,"19":440.55904395863786,"20":244.57636961462902,"21":473.38291934126767,"22":332.4538649174205,"23":460.75107596771056,"24":311.2591808534737,"25":458.5328535262139,"26":312.5752433791727,"27":534.9432054783633,"28":293.3626135515655,"29":537.786474320856,"30":293.9919853582252,"31":534.2589653862847,"32":294.950620119567,"33":534.320546349122},"ys":{"0":255,"1":0,"2":0}},{"xs":{"0":341.05418511998585,"1":157.1936050028364,"2":354.2963663736979,"3":147.2836160938642,"4":328.42851129424037,"5":146.1633598223532,"6":379.8019908139115,"7":159.26038413019904,"8":311.65416100336563,"9":161.84637950874907,"10":408.93888893647966,"11":245.7671619437591,"12":284.9835859451145,"13":253.98519891512092,"14":426.2439577574851,"15":355.3964495147645,"16":255.29315197444564,"17":365.5953699896442,"18":355.71505600481237,"19":382.2344075401856,"20":241.6061810350325,"21":479.6761424639071,"22":370.2704196506076,"23":457.7753895393356,"24":293.83150156478433,"25":454.8453987225687,"26":335.4265039752566,"27":531.9242707191155,"28":275.2633491501241,"29":534.1776244403326,"30":335.0501330042908,"31":532.0015777528401,"32":276.1349814491197,"33":532.873837952493},"ys":{"0":255,"1":0,"2":0}},{"xs":{"0":340.5590496844018,"1":156.53133964910376,"2":355.2249285305685,"3":147.38009863661975,"4":326.839813767818,"5":146.40497516237969,"6":376.6971075046829,"7":161.4281231618067,"8":309.5692559850146,"9":161.45414489984046,"10":409.5451096205683,"11":251.77784940187922,"12":281.55220239947874,"13":254.597671241091,"14":394.96005974782605,"15":350.03281323765685,"16":251.61677548295108,"17":377.063970584386,"18":338.07413261071514,"19":386.41050639905427,"20":240.53415250127543,"21":489.665573744746,"22":358.1639439692506,"23":462.30536150421085,"24":293.13106127882094,"25":457.6780312521415,"26":332.7119163230613,"27":532.9173156857257,"28":272.38613612005815,"29":534.1211535358987,"30":334.23485947398876,"31":532.549396834643,"32":271.6346678259777,"33":531.8484610098379},"ys":{"0":255,"1":0,"2":0}},{"xs":{"0":338.44131990250554,"1":156.59168444181742,"2":352.8330633747182,"3":148.04286012407863,"4":324.9873628672103,"5":146.37623866863882,"6":377.3355634960747,"7":162.14193303217897,"8":307.20583077295015,"9":161.94749397143983,"10":408.10827422560305,"11":248.00681785300924,"12":283.33068342004367,"13":257.2929687202558,"14":424.50818037661423,"15":357.11664909972546,"16":252.89028651068315,"17":371.6868332533808,"18":362.4919880946942,"19":402.57676509388705,"20":237.01569882517435,"21":481.0139640822978,"22":370.1316723442449,"23":455.71024517334456,"24":295.23021318759135,"25":455.799437108328,"26":357.1732160780165,"27":533.2765242370248,"28":270.98366839611504,"29":533.4061055620278,"30":354.9534437391493,"31":532.8135095191049,"32":269.84756439982334,"33":532.4729012234634},"ys":{"0":255,"1":0,"2":0}},{"xs":{"0":340.780542087369,"1":155.55361414978145,"2":354.1315845392833,"3":145.98605090879323,"4":327.4712522034524,"5":144.59251121238424,"6":377.97349807114625,"7":159.28116850453276,"8":309.95273344698006,"9":161.46441156636436,"10":408.55602242096126,"11":251.02250067578882,"12":280.8117678755673,"13":256.29042359588203,"14":425.7787520797164,"15":339.811786480582,"16":253.0908792060718,"17":364.6576855754294,"18":391.7279165762442,"19":360.07902208592225,"20":238.57129637958013,"21":480.73884186921293,"22":356.5929229914793,"23":451.5644179078338,"24":294.02072006731237,"25":456.47216395327916,"26":333.8118810820998,"27":529.6323185078581,"28":273.80451105723836,"29":531.6687999227125,"30":335.25578221847206,"31":531.6240289104379,"32":272.8840092887655,"33":531.5547165303667},"ys":{"0":255,"1":0,"2":0}},{"xs":{"0":339.4663477780526,"1":156.74215662549113,"2":353.2392279492949,"3":148.03222061365435,"4":326.7139219168799,"5":147.0776498062104,"6":377.16782820852177,"7":160.62177587438512,"8":309.90637349803546,"9":161.93690978527997,"10":409.680968167489,"11":251.47513882226178,"12":280.7780556186133,"13":253.98183900710433,"14":403.64790501882686,"15":333.36630421539957,"16":252.16704310961865,"17":365.7024896632858,"18":393.8889216075399,"19":360.0924478869224,"20":237.54514385617497,"21":480.2494660316155,"22":361.37256406668797,"23":462.53010918987184,"24":293.28596564993757,"25":460.06184643007396,"26":336.8845666361134,"27":534.1420857390465,"28":275.2727658753274,"29":534.4943264074493,"30":335.7009034035963,"31":532.6741756565622,"32":278.6789928681669,"33":549.7467719184027},"ys":{"0":255,"1":0,"2":0}},{"xs":{"0":338.60011548791476,"1":153.6759797034905,"2":353.2452880383467,"3":145.49459594964515,"4":325.88874445091676,"5":144.77382191440515,"6":378.0735598856013,"7":158.0149802641097,"8":308.8304599219131,"9":159.06178491157397,"10":409.5241042466191,"11":250.91164274754811,"12":280.7832723100748,"13":253.3956522504721,"14":360.45378984298856,"15":359.7145922328064,"16":253.44389917325321,"17":363.32191422668814,"18":294.21853346201874,"19":423.32286009314464,"20":237.07867285893906,"21":476.9393046418128,"22":354.35526470459456,"23":463.327683119746,"24":294.0815827070389,"25":455.21593804015515,"26":291.1462319059911,"27":532.4331028512579,"28":274.0917754591557,"29":531.8590160466541,"30":278.8101362113135,"31":549.371204041598,"32":280.16955622920284,"33":549.474985817952},"ys":{"0":255,"1":0,"2":0}},{"xs":{"0":294.6001403094732,"1":177.63579638148377,"2":307.1828563310946,"3":164.83301054896899,"4":283.5856622469123,"5":167.60490075421842,"6":332.90884869372866,"7":171.95874249493633,"8":271.2599857322886,"9":178.31145950228148,"10":364.83321340460526,"11":236.87494408085098,"12":264.4725917050248,"13":262.0676456325003,"14":418.41864230804737,"15":252.96476784272966,"16":192.18948275025127,"17":330.3901050708912,"18":394.8467934294286,"19":251.14676730209857,"20":125.42868095531797,"21":396.5175731279696,"22":347.9021574321546,"23":441.6297216582716,"24":305.62371148003473,"25":459.0287411375584,"26":306.68408726623414,"27":538.6303277601276,"28":296.6075336538095,"29":539.9152491013673,"30":293.11560022900676,"31":537.3534290692959,"32":298.88660795274996,"33":548.9576694421601},"ys":{"0":0,"1":255,"2":0}},{"xs":{"0":312.4129422133894,"1":175.18050195645634,"2":325.81594902172424,"3":164.83296295820386,"4":301.4251622726113,"5":165.52420394927205,"6":349.1245298032407,"7":174.10182603386176,"8":287.0827925832648,"9":174.5996944434926,"10":376.8959455880505,"11":243.38426675480474,"12":274.4137662474872,"13":258.4825834753917,"14":379.24869139989215,"15":321.49871855916103,"16":217.01648020604895,"17":330.9034083554154,"18":384.75185699165445,"19":329.49958786397417,"20":127.49385246291727,"21":412.97063221476,"22":323.7950089661001,"23":460.0649521736606,"24":297.7242405465704,